RSI,Date,ticker,Hour
52.552940368652344,15 Apr 2025 06:00,AFLT,6
52.68026351928711,15 Apr 2025 07:00,AFLT,7
52.196495056152344,15 Apr 2025 08:00,AFLT,8
52.29002380371094,15 Apr 2025 09:00,AFLT,9
52.790687561035156,15 Apr 2025 10:00,AFLT,10
51.27265548706055,15 Apr 2025 11:00,AFLT,11
52.7404670715332,15 Apr 2025 12:00,AFLT,12
53.22087097167969,15 Apr 2025 13:00,AFLT,13
51.8541145324707,15 Apr 2025 14:00,AFLT,14
51.758663177490234,15 Apr 2025 15:00,AFLT,15
52.928592681884766,15 Apr 2025 16:00,AFLT,16
53.90085220336914,15 Apr 2025 17:00,AFLT,17
59.933467864990234,15 Apr 2025 18:00,AFLT,18
56.565216064453125,15 Apr 2025 19:00,AFLT,19
55.92385482788086,15 Apr 2025 20:00,AFLT,20
54.7138557434082,15 Apr 2025 21:00,AFLT,21
60.562862396240234,15 Apr 2025 22:00,AFLT,22
64.550537109375,15 Apr 2025 23:00,AFLT,23
57.9099006652832,16 Apr 2025 06:00,AFLT,6
55.03235626220703,16 Apr 2025 07:00,AFLT,7
53.424224853515625,16 Apr 2025 08:00,AFLT,8
44.15778350830078,16 Apr 2025 09:00,AFLT,9
39.51233673095703,16 Apr 2025 10:00,AFLT,10
46.933658599853516,16 Apr 2025 11:00,AFLT,11
44.41329574584961,16 Apr 2025 12:00,AFLT,12
45.447452545166016,16 Apr 2025 13:00,AFLT,13
54.37931442260742,16 Apr 2025 14:00,AFLT,14
57.092952728271484,16 Apr 2025 15:00,AFLT,15
55.89802932739258,16 Apr 2025 16:00,AFLT,16
60.46126937866211,16 Apr 2025 17:00,AFLT,17
63.180660247802734,16 Apr 2025 18:00,AFLT,18
59.73804473876953,16 Apr 2025 19:00,AFLT,19
56.41525650024414,16 Apr 2025 20:00,AFLT,20
50.6379508972168,16 Apr 2025 21:00,AFLT,21
53.83760070800781,16 Apr 2025 22:00,AFLT,22
55.473548889160156,16 Apr 2025 23:00,AFLT,23
58.46500778198242,17 Apr 2025 06:00,AFLT,6
56.275184631347656,17 Apr 2025 07:00,AFLT,7
59.74058151245117,17 Apr 2025 08:00,AFLT,8
57.30777359008789,17 Apr 2025 09:00,AFLT,9
56.94276428222656,17 Apr 2025 10:00,AFLT,10
52.092071533203125,17 Apr 2025 11:00,AFLT,11
55.3579216003418,17 Apr 2025 12:00,AFLT,12
48.66397476196289,17 Apr 2025 13:00,AFLT,13
45.89478302001953,17 Apr 2025 14:00,AFLT,14
46.21299743652344,17 Apr 2025 15:00,AFLT,15
50.43498992919922,17 Apr 2025 16:00,AFLT,16
54.668182373046875,17 Apr 2025 17:00,AFLT,17
45.04835510253906,17 Apr 2025 18:00,AFLT,18
52.05335235595703,17 Apr 2025 19:00,AFLT,19
46.58797073364258,17 Apr 2025 20:00,AFLT,20
57.615264892578125,17 Apr 2025 21:00,AFLT,21
55.28968811035156,17 Apr 2025 22:00,AFLT,22
60.12504577636719,17 Apr 2025 23:00,AFLT,23
65.76239013671875,18 Apr 2025 06:00,AFLT,6
53.2839469909668,18 Apr 2025 07:00,AFLT,7
50.54701232910156,18 Apr 2025 08:00,AFLT,8
52.244468688964844,18 Apr 2025 09:00,AFLT,9
54.471466064453125,18 Apr 2025 10:00,AFLT,10
56.222808837890625,18 Apr 2025 11:00,AFLT,11
49.968772888183594,18 Apr 2025 12:00,AFLT,12
43.314491271972656,18 Apr 2025 13:00,AFLT,13
45.67046356201172,18 Apr 2025 14:00,AFLT,14
43.967708587646484,18 Apr 2025 15:00,AFLT,15
42.364437103271484,18 Apr 2025 16:00,AFLT,16
46.47038650512695,18 Apr 2025 17:00,AFLT,17
45.01103591918945,18 Apr 2025 18:00,AFLT,18
48.39830017089844,18 Apr 2025 19:00,AFLT,19
46.58134841918945,18 Apr 2025 20:00,AFLT,20
49.62247085571289,18 Apr 2025 21:00,AFLT,21
55.10122299194336,18 Apr 2025 22:00,AFLT,22
54.201438903808594,18 Apr 2025 23:00,AFLT,23
51.94403839111328,21 Apr 2025 06:00,AFLT,6
57.10210037231445,21 Apr 2025 07:00,AFLT,7
60.36931228637695,21 Apr 2025 08:00,AFLT,8
69.85781860351562,21 Apr 2025 09:00,AFLT,9
70.95343017578125,21 Apr 2025 10:00,AFLT,10
73.35668182373047,21 Apr 2025 11:00,AFLT,11
79.73731994628906,21 Apr 2025 12:00,AFLT,12
75.49342346191406,21 Apr 2025 13:00,AFLT,13
77.28951263427734,21 Apr 2025 14:00,AFLT,14
79.97549438476562,21 Apr 2025 15:00,AFLT,15
78.63866424560547,21 Apr 2025 16:00,AFLT,16
77.84814453125,21 Apr 2025 17:00,AFLT,17
80.24946594238281,21 Apr 2025 18:00,AFLT,18
81.9137954711914,21 Apr 2025 19:00,AFLT,19
49.27951431274414,15 Apr 2025 06:00,ALRS,6
48.239200592041016,15 Apr 2025 07:00,ALRS,7
48.48589324951172,15 Apr 2025 08:00,ALRS,8
47.805274963378906,15 Apr 2025 09:00,ALRS,9
49.72137451171875,15 Apr 2025 10:00,ALRS,10
49.63421630859375,15 Apr 2025 11:00,ALRS,11
49.83538818359375,15 Apr 2025 12:00,ALRS,12
47.835914611816406,15 Apr 2025 13:00,ALRS,13
49.111000061035156,15 Apr 2025 14:00,ALRS,14
51.148216247558594,15 Apr 2025 15:00,ALRS,15
51.28117752075195,15 Apr 2025 16:00,ALRS,16
52.70115661621094,15 Apr 2025 17:00,ALRS,17
58.21947479248047,15 Apr 2025 18:00,ALRS,18
56.05210494995117,15 Apr 2025 19:00,ALRS,19
58.336585998535156,15 Apr 2025 20:00,ALRS,20
59.77050018310547,15 Apr 2025 21:00,ALRS,21
60.745826721191406,15 Apr 2025 22:00,ALRS,22
56.290565490722656,15 Apr 2025 23:00,ALRS,23
50.908302307128906,16 Apr 2025 06:00,ALRS,6
47.93429946899414,16 Apr 2025 07:00,ALRS,7
53.81145477294922,16 Apr 2025 08:00,ALRS,8
43.617374420166016,16 Apr 2025 09:00,ALRS,9
36.05539321899414,16 Apr 2025 10:00,ALRS,10
38.85813522338867,16 Apr 2025 11:00,ALRS,11
43.04987335205078,16 Apr 2025 12:00,ALRS,12
47.52470779418945,16 Apr 2025 13:00,ALRS,13
43.69465255737305,16 Apr 2025 14:00,ALRS,14
55.456687927246094,16 Apr 2025 15:00,ALRS,15
57.86247253417969,16 Apr 2025 16:00,ALRS,16
65.4166030883789,16 Apr 2025 17:00,ALRS,17
63.86915588378906,16 Apr 2025 18:00,ALRS,18
57.49976348876953,16 Apr 2025 19:00,ALRS,19
56.85359191894531,16 Apr 2025 20:00,ALRS,20
52.81858444213867,16 Apr 2025 21:00,ALRS,21
54.1540412902832,16 Apr 2025 22:00,ALRS,22
55.70609664916992,16 Apr 2025 23:00,ALRS,23
56.9993896484375,17 Apr 2025 06:00,ALRS,6
58.914058685302734,17 Apr 2025 07:00,ALRS,7
60.80199432373047,17 Apr 2025 08:00,ALRS,8
55.73533630371094,17 Apr 2025 09:00,ALRS,9
59.94076919555664,17 Apr 2025 10:00,ALRS,10
69.06481170654297,17 Apr 2025 11:00,ALRS,11
72.49634552001953,17 Apr 2025 12:00,ALRS,12
68.49066925048828,17 Apr 2025 13:00,ALRS,13
66.9754867553711,17 Apr 2025 14:00,ALRS,14
72.52706909179688,17 Apr 2025 15:00,ALRS,15
65.17211151123047,17 Apr 2025 16:00,ALRS,16
73.54191589355469,17 Apr 2025 17:00,ALRS,17
68.45569610595703,17 Apr 2025 18:00,ALRS,18
73.07156372070312,17 Apr 2025 19:00,ALRS,19
68.7551040649414,17 Apr 2025 20:00,ALRS,20
73.33000183105469,17 Apr 2025 21:00,ALRS,21
75.27101135253906,17 Apr 2025 22:00,ALRS,22
73.4627456665039,17 Apr 2025 23:00,ALRS,23
73.17533111572266,18 Apr 2025 06:00,ALRS,6
63.00703811645508,18 Apr 2025 07:00,ALRS,7
53.56187057495117,18 Apr 2025 08:00,ALRS,8
56.21856689453125,18 Apr 2025 09:00,ALRS,9
56.92433547973633,18 Apr 2025 10:00,ALRS,10
53.51561737060547,18 Apr 2025 11:00,ALRS,11
51.250850677490234,18 Apr 2025 12:00,ALRS,12
43.621055603027344,18 Apr 2025 13:00,ALRS,13
42.84246063232422,18 Apr 2025 14:00,ALRS,14
39.22776412963867,18 Apr 2025 15:00,ALRS,15
36.82466506958008,18 Apr 2025 16:00,ALRS,16
29.61857795715332,18 Apr 2025 17:00,ALRS,17
20.441041946411133,18 Apr 2025 18:00,ALRS,18
26.64302635192871,18 Apr 2025 19:00,ALRS,19
32.43017578125,18 Apr 2025 20:00,ALRS,20
33.895164489746094,18 Apr 2025 21:00,ALRS,21
34.75932312011719,18 Apr 2025 22:00,ALRS,22
31.500375747680664,18 Apr 2025 23:00,ALRS,23
27.88850212097168,21 Apr 2025 06:00,ALRS,6
39.118064880371094,21 Apr 2025 07:00,ALRS,7
41.46641159057617,21 Apr 2025 08:00,ALRS,8
51.05699157714844,21 Apr 2025 09:00,ALRS,9
48.72837448120117,21 Apr 2025 10:00,ALRS,10
51.37806701660156,21 Apr 2025 11:00,ALRS,11
58.100921630859375,21 Apr 2025 12:00,ALRS,12
55.47774887084961,21 Apr 2025 13:00,ALRS,13
57.045433044433594,21 Apr 2025 14:00,ALRS,14
56.457828521728516,21 Apr 2025 15:00,ALRS,15
54.83220672607422,21 Apr 2025 16:00,ALRS,16
55.67299270629883,21 Apr 2025 17:00,ALRS,17
61.22237014770508,21 Apr 2025 18:00,ALRS,18
59.085609436035156,21 Apr 2025 19:00,ALRS,19
48.12949752807617,15 Apr 2025 06:00,CHMF,6
46.59381103515625,15 Apr 2025 07:00,CHMF,7
46.07443618774414,15 Apr 2025 08:00,CHMF,8
46.298248291015625,15 Apr 2025 09:00,CHMF,9
46.803733825683594,15 Apr 2025 10:00,CHMF,10
47.762908935546875,15 Apr 2025 11:00,CHMF,11
48.50377655029297,15 Apr 2025 12:00,CHMF,12
48.712432861328125,15 Apr 2025 13:00,CHMF,13
47.091896057128906,15 Apr 2025 14:00,CHMF,14
47.148189544677734,15 Apr 2025 15:00,CHMF,15
47.705352783203125,15 Apr 2025 16:00,CHMF,16
46.177879333496094,15 Apr 2025 17:00,CHMF,17
45.867210388183594,15 Apr 2025 18:00,CHMF,18
45.56005096435547,15 Apr 2025 19:00,CHMF,19
47.832122802734375,15 Apr 2025 20:00,CHMF,20
50.35405731201172,15 Apr 2025 21:00,CHMF,21
51.72833251953125,15 Apr 2025 22:00,CHMF,22
54.10255432128906,15 Apr 2025 23:00,CHMF,23
53.52281188964844,16 Apr 2025 06:00,CHMF,6
56.68163299560547,16 Apr 2025 07:00,CHMF,7
60.94593811035156,16 Apr 2025 08:00,CHMF,8
51.269195556640625,16 Apr 2025 09:00,CHMF,9
47.84571075439453,16 Apr 2025 10:00,CHMF,10
51.81368637084961,16 Apr 2025 11:00,CHMF,11
47.24480056762695,16 Apr 2025 12:00,CHMF,12
46.88554382324219,16 Apr 2025 13:00,CHMF,13
51.00898742675781,16 Apr 2025 14:00,CHMF,14
58.112186431884766,16 Apr 2025 15:00,CHMF,15
52.26008224487305,16 Apr 2025 16:00,CHMF,16
55.09566116333008,16 Apr 2025 17:00,CHMF,17
56.495361328125,16 Apr 2025 18:00,CHMF,18
58.619815826416016,16 Apr 2025 19:00,CHMF,19
55.80483627319336,16 Apr 2025 20:00,CHMF,20
49.32395935058594,16 Apr 2025 21:00,CHMF,21
54.36217498779297,16 Apr 2025 22:00,CHMF,22
55.70570755004883,16 Apr 2025 23:00,CHMF,23
56.719276428222656,17 Apr 2025 06:00,CHMF,6
55.39813995361328,17 Apr 2025 07:00,CHMF,7
57.05451583862305,17 Apr 2025 08:00,CHMF,8
54.79764938354492,17 Apr 2025 09:00,CHMF,9
50.67713928222656,17 Apr 2025 10:00,CHMF,10
44.614017486572266,17 Apr 2025 11:00,CHMF,11
55.0873908996582,17 Apr 2025 12:00,CHMF,12
51.962032318115234,17 Apr 2025 13:00,CHMF,13
48.753997802734375,17 Apr 2025 14:00,CHMF,14
54.555824279785156,17 Apr 2025 15:00,CHMF,15
54.28371810913086,17 Apr 2025 16:00,CHMF,16
59.89239501953125,17 Apr 2025 17:00,CHMF,17
50.98213577270508,17 Apr 2025 18:00,CHMF,18
54.22686767578125,17 Apr 2025 19:00,CHMF,19
47.54749298095703,17 Apr 2025 20:00,CHMF,20
55.1646728515625,17 Apr 2025 21:00,CHMF,21
56.719058990478516,17 Apr 2025 22:00,CHMF,22
55.33966827392578,17 Apr 2025 23:00,CHMF,23
56.23341369628906,18 Apr 2025 06:00,CHMF,6
51.896827697753906,18 Apr 2025 07:00,CHMF,7
42.63902282714844,18 Apr 2025 08:00,CHMF,8
45.2485466003418,18 Apr 2025 09:00,CHMF,9
48.14451599121094,18 Apr 2025 10:00,CHMF,10
44.12900161743164,18 Apr 2025 11:00,CHMF,11
39.97119140625,18 Apr 2025 12:00,CHMF,12
32.718048095703125,18 Apr 2025 13:00,CHMF,13
26.52649688720703,18 Apr 2025 14:00,CHMF,14
27.114538192749023,18 Apr 2025 15:00,CHMF,15
25.453115463256836,18 Apr 2025 16:00,CHMF,16
25.331058502197266,18 Apr 2025 17:00,CHMF,17
21.5987548828125,18 Apr 2025 18:00,CHMF,18
27.386199951171875,18 Apr 2025 19:00,CHMF,19
32.08102035522461,18 Apr 2025 20:00,CHMF,20
29.465532302856445,18 Apr 2025 21:00,CHMF,21
34.666595458984375,18 Apr 2025 22:00,CHMF,22
32.50086212158203,18 Apr 2025 23:00,CHMF,23
32.46603012084961,21 Apr 2025 06:00,CHMF,6
38.276641845703125,21 Apr 2025 07:00,CHMF,7
42.00450134277344,21 Apr 2025 08:00,CHMF,8
52.1280403137207,21 Apr 2025 09:00,CHMF,9
53.640316009521484,21 Apr 2025 10:00,CHMF,10
46.270263671875,21 Apr 2025 11:00,CHMF,11
56.55427551269531,21 Apr 2025 12:00,CHMF,12
48.629634857177734,21 Apr 2025 13:00,CHMF,13
50.94290542602539,21 Apr 2025 14:00,CHMF,14
57.656333923339844,21 Apr 2025 15:00,CHMF,15
55.02248764038086,21 Apr 2025 16:00,CHMF,16
55.22535705566406,21 Apr 2025 17:00,CHMF,17
59.23480987548828,21 Apr 2025 18:00,CHMF,18
59.14421463012695,21 Apr 2025 19:00,CHMF,19
47.298954010009766,15 Apr 2025 06:00,GAZP,6
46.989166259765625,15 Apr 2025 07:00,GAZP,7
46.935340881347656,15 Apr 2025 08:00,GAZP,8
46.77215576171875,15 Apr 2025 09:00,GAZP,9
47.23589324951172,15 Apr 2025 10:00,GAZP,10
45.870059967041016,15 Apr 2025 11:00,GAZP,11
47.485042572021484,15 Apr 2025 12:00,GAZP,12
47.2763786315918,15 Apr 2025 13:00,GAZP,13
47.737548828125,15 Apr 2025 14:00,GAZP,14
46.10444641113281,15 Apr 2025 15:00,GAZP,15
46.72785949707031,15 Apr 2025 16:00,GAZP,16
45.35829162597656,15 Apr 2025 17:00,GAZP,17
42.87761688232422,15 Apr 2025 18:00,GAZP,18
40.36784744262695,15 Apr 2025 19:00,GAZP,19
41.37908172607422,15 Apr 2025 20:00,GAZP,20
43.81403350830078,15 Apr 2025 21:00,GAZP,21
44.26176452636719,15 Apr 2025 22:00,GAZP,22
47.447105407714844,15 Apr 2025 23:00,GAZP,23
40.1329231262207,16 Apr 2025 06:00,GAZP,6
42.0390625,16 Apr 2025 07:00,GAZP,7
44.44746780395508,16 Apr 2025 08:00,GAZP,8
44.308204650878906,16 Apr 2025 09:00,GAZP,9
36.240150451660156,16 Apr 2025 10:00,GAZP,10
43.44831085205078,16 Apr 2025 11:00,GAZP,11
42.217281341552734,16 Apr 2025 12:00,GAZP,12
51.605594635009766,16 Apr 2025 13:00,GAZP,13
53.56773376464844,16 Apr 2025 14:00,GAZP,14
58.781227111816406,16 Apr 2025 15:00,GAZP,15
52.53240966796875,16 Apr 2025 16:00,GAZP,16
59.98223114013672,16 Apr 2025 17:00,GAZP,17
60.68873596191406,16 Apr 2025 18:00,GAZP,18
59.97752380371094,16 Apr 2025 19:00,GAZP,19
58.22982406616211,16 Apr 2025 20:00,GAZP,20
51.4740104675293,16 Apr 2025 21:00,GAZP,21
55.779808044433594,16 Apr 2025 22:00,GAZP,22
56.871673583984375,16 Apr 2025 23:00,GAZP,23
59.490196228027344,17 Apr 2025 06:00,GAZP,6
60.61764144897461,17 Apr 2025 07:00,GAZP,7
60.412498474121094,17 Apr 2025 08:00,GAZP,8
54.71405792236328,17 Apr 2025 09:00,GAZP,9
54.845821380615234,17 Apr 2025 10:00,GAZP,10
56.6917724609375,17 Apr 2025 11:00,GAZP,11
62.627967834472656,17 Apr 2025 12:00,GAZP,12
51.44887161254883,17 Apr 2025 13:00,GAZP,13
55.64363479614258,17 Apr 2025 14:00,GAZP,14
60.331546783447266,17 Apr 2025 15:00,GAZP,15
65.84419250488281,17 Apr 2025 16:00,GAZP,16
69.87761688232422,17 Apr 2025 17:00,GAZP,17
52.01150131225586,17 Apr 2025 18:00,GAZP,18
56.722957611083984,17 Apr 2025 19:00,GAZP,19
56.28378677368164,17 Apr 2025 20:00,GAZP,20
63.959163665771484,17 Apr 2025 21:00,GAZP,21
66.30366516113281,17 Apr 2025 22:00,GAZP,22
67.03399658203125,17 Apr 2025 23:00,GAZP,23
68.1489486694336,18 Apr 2025 06:00,GAZP,6
52.52732467651367,18 Apr 2025 07:00,GAZP,7
49.67530822753906,18 Apr 2025 08:00,GAZP,8
54.218109130859375,18 Apr 2025 09:00,GAZP,9
55.39961624145508,18 Apr 2025 10:00,GAZP,10
56.15204620361328,18 Apr 2025 11:00,GAZP,11
51.15020751953125,18 Apr 2025 12:00,GAZP,12
46.0032958984375,18 Apr 2025 13:00,GAZP,13
49.20716857910156,18 Apr 2025 14:00,GAZP,14
47.854793548583984,18 Apr 2025 15:00,GAZP,15
44.330078125,18 Apr 2025 16:00,GAZP,16
45.2418212890625,18 Apr 2025 17:00,GAZP,17
45.95561599731445,18 Apr 2025 18:00,GAZP,18
48.93367385864258,18 Apr 2025 19:00,GAZP,19
51.74409866333008,18 Apr 2025 20:00,GAZP,20
51.266639709472656,18 Apr 2025 21:00,GAZP,21
53.156646728515625,18 Apr 2025 22:00,GAZP,22
50.609031677246094,18 Apr 2025 23:00,GAZP,23
50.83137130737305,21 Apr 2025 06:00,GAZP,6
58.256412506103516,21 Apr 2025 07:00,GAZP,7
59.85466003417969,21 Apr 2025 08:00,GAZP,8
64.8920669555664,21 Apr 2025 09:00,GAZP,9
60.55113983154297,21 Apr 2025 10:00,GAZP,10
61.4349365234375,21 Apr 2025 11:00,GAZP,11
69.39440155029297,21 Apr 2025 12:00,GAZP,12
68.64610290527344,21 Apr 2025 13:00,GAZP,13
71.90133666992188,21 Apr 2025 14:00,GAZP,14
75.20069122314453,21 Apr 2025 15:00,GAZP,15
70.3228988647461,21 Apr 2025 16:00,GAZP,16
70.17684936523438,21 Apr 2025 17:00,GAZP,17
74.0098876953125,21 Apr 2025 18:00,GAZP,18
74.34579467773438,21 Apr 2025 19:00,GAZP,19
36.620967864990234,15 Apr 2025 06:00,GMKN,6
55.053985595703125,15 Apr 2025 07:00,GMKN,7
36.168907165527344,15 Apr 2025 08:00,GMKN,8
41.26352310180664,15 Apr 2025 09:00,GMKN,9
28.881071090698242,15 Apr 2025 10:00,GMKN,10
33.01110076904297,15 Apr 2025 11:00,GMKN,11
30.950773239135742,15 Apr 2025 12:00,GMKN,12
30.04346466064453,15 Apr 2025 13:00,GMKN,13
30.01683235168457,15 Apr 2025 14:00,GMKN,14
30.508018493652344,15 Apr 2025 15:00,GMKN,15
30.774091720581055,15 Apr 2025 16:00,GMKN,16
33.325984954833984,15 Apr 2025 17:00,GMKN,17
31.353097915649414,15 Apr 2025 18:00,GMKN,18
28.812103271484375,15 Apr 2025 19:00,GMKN,19
23.685047149658203,15 Apr 2025 20:00,GMKN,20
21.51502799987793,15 Apr 2025 21:00,GMKN,21
24.885665893554688,15 Apr 2025 22:00,GMKN,22
24.099903106689453,15 Apr 2025 23:00,GMKN,23
22.41161346435547,16 Apr 2025 06:00,GMKN,6
25.091487884521484,16 Apr 2025 07:00,GMKN,7
27.000757217407227,16 Apr 2025 08:00,GMKN,8
26.345502853393555,16 Apr 2025 09:00,GMKN,9
27.034364700317383,16 Apr 2025 10:00,GMKN,10
24.82595443725586,16 Apr 2025 11:00,GMKN,11
31.400020599365234,16 Apr 2025 12:00,GMKN,12
31.73512840270996,16 Apr 2025 13:00,GMKN,13
32.78818893432617,16 Apr 2025 14:00,GMKN,14
33.6801643371582,16 Apr 2025 15:00,GMKN,15
33.406917572021484,16 Apr 2025 16:00,GMKN,16
32.55315399169922,16 Apr 2025 17:00,GMKN,17
33.224246978759766,16 Apr 2025 18:00,GMKN,18
34.72983169555664,16 Apr 2025 19:00,GMKN,19
32.71719741821289,16 Apr 2025 20:00,GMKN,20
30.93492317199707,16 Apr 2025 21:00,GMKN,21
33.694847106933594,16 Apr 2025 22:00,GMKN,22
41.87598419189453,16 Apr 2025 23:00,GMKN,23
47.21110916137695,17 Apr 2025 06:00,GMKN,6
67.8796157836914,17 Apr 2025 07:00,GMKN,7
45.82655715942383,17 Apr 2025 08:00,GMKN,8
51.78104019165039,17 Apr 2025 09:00,GMKN,9
34.411922454833984,17 Apr 2025 10:00,GMKN,10
33.874000549316406,17 Apr 2025 11:00,GMKN,11
30.936315536499023,17 Apr 2025 12:00,GMKN,12
30.67152976989746,17 Apr 2025 13:00,GMKN,13
30.04591941833496,17 Apr 2025 14:00,GMKN,14
30.671186447143555,17 Apr 2025 15:00,GMKN,15
30.67865562438965,17 Apr 2025 16:00,GMKN,16
34.7563362121582,17 Apr 2025 17:00,GMKN,17
30.597217559814453,17 Apr 2025 18:00,GMKN,18
31.959226608276367,17 Apr 2025 19:00,GMKN,19
28.089014053344727,17 Apr 2025 20:00,GMKN,20
30.63996696472168,17 Apr 2025 21:00,GMKN,21
33.79477310180664,17 Apr 2025 22:00,GMKN,22
33.914363861083984,17 Apr 2025 23:00,GMKN,23
33.162139892578125,18 Apr 2025 06:00,GMKN,6
40.50764083862305,18 Apr 2025 07:00,GMKN,7
28.132272720336914,18 Apr 2025 08:00,GMKN,8
35.836585998535156,18 Apr 2025 09:00,GMKN,9
27.98046875,18 Apr 2025 10:00,GMKN,10
29.71311378479004,18 Apr 2025 11:00,GMKN,11
29.82892608642578,18 Apr 2025 12:00,GMKN,12
33.842647552490234,18 Apr 2025 13:00,GMKN,13
33.255741119384766,18 Apr 2025 14:00,GMKN,14
31.950923919677734,18 Apr 2025 15:00,GMKN,15
28.681867599487305,18 Apr 2025 16:00,GMKN,16
32.06184768676758,18 Apr 2025 17:00,GMKN,17
27.50537872314453,18 Apr 2025 18:00,GMKN,18
27.382104873657227,18 Apr 2025 19:00,GMKN,19
25.782371520996094,18 Apr 2025 20:00,GMKN,20
28.53997802734375,18 Apr 2025 21:00,GMKN,21
28.86432456970215,18 Apr 2025 22:00,GMKN,22
28.03168487548828,18 Apr 2025 23:00,GMKN,23
24.24873924255371,21 Apr 2025 06:00,GMKN,6
45.11170959472656,21 Apr 2025 07:00,GMKN,7
32.17160415649414,21 Apr 2025 08:00,GMKN,8
45.51852035522461,21 Apr 2025 09:00,GMKN,9
32.2368049621582,21 Apr 2025 10:00,GMKN,10
32.87498092651367,21 Apr 2025 11:00,GMKN,11
32.24019241333008,21 Apr 2025 12:00,GMKN,12
32.271724700927734,21 Apr 2025 13:00,GMKN,13
32.90885543823242,21 Apr 2025 14:00,GMKN,14
32.51830291748047,21 Apr 2025 15:00,GMKN,15
32.2103157043457,21 Apr 2025 16:00,GMKN,16
35.66990661621094,21 Apr 2025 17:00,GMKN,17
40.79698944091797,21 Apr 2025 18:00,GMKN,18
44.15566635131836,21 Apr 2025 19:00,GMKN,19
49.06748962402344,15 Apr 2025 06:00,LKOH,6
49.055389404296875,15 Apr 2025 07:00,LKOH,7
49.02540969848633,15 Apr 2025 08:00,LKOH,8
48.12600326538086,15 Apr 2025 09:00,LKOH,9
49.12207794189453,15 Apr 2025 10:00,LKOH,10
50.32807922363281,15 Apr 2025 11:00,LKOH,11
49.66676330566406,15 Apr 2025 12:00,LKOH,12
49.912479400634766,15 Apr 2025 13:00,LKOH,13
49.58423614501953,15 Apr 2025 14:00,LKOH,14
49.0739860534668,15 Apr 2025 15:00,LKOH,15
49.20817947387695,15 Apr 2025 16:00,LKOH,16
51.59613037109375,15 Apr 2025 17:00,LKOH,17
49.13127517700195,15 Apr 2025 18:00,LKOH,18
45.421390533447266,15 Apr 2025 19:00,LKOH,19
50.94015121459961,15 Apr 2025 20:00,LKOH,20
52.90031433105469,15 Apr 2025 21:00,LKOH,21
54.715576171875,15 Apr 2025 22:00,LKOH,22
55.241695404052734,15 Apr 2025 23:00,LKOH,23
42.24960708618164,16 Apr 2025 06:00,LKOH,6
46.9724006652832,16 Apr 2025 07:00,LKOH,7
56.29093551635742,16 Apr 2025 08:00,LKOH,8
50.681304931640625,16 Apr 2025 09:00,LKOH,9
37.4016227722168,16 Apr 2025 10:00,LKOH,10
43.72602462768555,16 Apr 2025 11:00,LKOH,11
46.88457107543945,16 Apr 2025 12:00,LKOH,12
42.02310562133789,16 Apr 2025 13:00,LKOH,13
47.04340362548828,16 Apr 2025 14:00,LKOH,14
53.816741943359375,16 Apr 2025 15:00,LKOH,15
48.612884521484375,16 Apr 2025 16:00,LKOH,16
53.15779113769531,16 Apr 2025 17:00,LKOH,17
63.17539596557617,16 Apr 2025 18:00,LKOH,18
66.03998565673828,16 Apr 2025 19:00,LKOH,19
66.95758819580078,16 Apr 2025 20:00,LKOH,20
59.01851272583008,16 Apr 2025 21:00,LKOH,21
62.718936920166016,16 Apr 2025 22:00,LKOH,22
65.11221313476562,16 Apr 2025 23:00,LKOH,23
71.47234344482422,17 Apr 2025 06:00,LKOH,6
70.95409393310547,17 Apr 2025 07:00,LKOH,7
71.99689483642578,17 Apr 2025 08:00,LKOH,8
70.66069793701172,17 Apr 2025 09:00,LKOH,9
65.2044677734375,17 Apr 2025 10:00,LKOH,10
56.81610107421875,17 Apr 2025 11:00,LKOH,11
65.62430572509766,17 Apr 2025 12:00,LKOH,12
55.561458587646484,17 Apr 2025 13:00,LKOH,13
52.09475326538086,17 Apr 2025 14:00,LKOH,14
55.97904968261719,17 Apr 2025 15:00,LKOH,15
60.56557846069336,17 Apr 2025 16:00,LKOH,16
71.0526123046875,17 Apr 2025 17:00,LKOH,17
59.7828369140625,17 Apr 2025 18:00,LKOH,18
66.5468978881836,17 Apr 2025 19:00,LKOH,19
69.34508514404297,17 Apr 2025 20:00,LKOH,20
71.47333526611328,17 Apr 2025 21:00,LKOH,21
71.07068634033203,17 Apr 2025 22:00,LKOH,22
72.93303680419922,17 Apr 2025 23:00,LKOH,23
77.872802734375,18 Apr 2025 06:00,LKOH,6
68.23518371582031,18 Apr 2025 07:00,LKOH,7
57.651580810546875,18 Apr 2025 08:00,LKOH,8
66.88928985595703,18 Apr 2025 09:00,LKOH,9
64.15580749511719,18 Apr 2025 10:00,LKOH,10
61.881893157958984,18 Apr 2025 11:00,LKOH,11
48.274375915527344,18 Apr 2025 12:00,LKOH,12
36.62908172607422,18 Apr 2025 13:00,LKOH,13
33.93689727783203,18 Apr 2025 14:00,LKOH,14
32.1436767578125,18 Apr 2025 15:00,LKOH,15
27.914979934692383,18 Apr 2025 16:00,LKOH,16
33.46871566772461,18 Apr 2025 17:00,LKOH,17
35.72871398925781,18 Apr 2025 18:00,LKOH,18
41.81476974487305,18 Apr 2025 19:00,LKOH,19
47.26700973510742,18 Apr 2025 20:00,LKOH,20
42.27153778076172,18 Apr 2025 21:00,LKOH,21
46.13120651245117,18 Apr 2025 22:00,LKOH,22
44.437583923339844,18 Apr 2025 23:00,LKOH,23
46.391422271728516,21 Apr 2025 06:00,LKOH,6
54.71206283569336,21 Apr 2025 07:00,LKOH,7
54.6762580871582,21 Apr 2025 08:00,LKOH,8
62.10589599609375,21 Apr 2025 09:00,LKOH,9
58.1366081237793,21 Apr 2025 10:00,LKOH,10
54.99341583251953,21 Apr 2025 11:00,LKOH,11
64.01158142089844,21 Apr 2025 12:00,LKOH,12
52.99457550048828,21 Apr 2025 13:00,LKOH,13
62.34591293334961,21 Apr 2025 14:00,LKOH,14
64.089111328125,21 Apr 2025 15:00,LKOH,15
59.66559982299805,21 Apr 2025 16:00,LKOH,16
56.95680236816406,21 Apr 2025 17:00,LKOH,17
61.7555046081543,21 Apr 2025 18:00,LKOH,18
62.93041229248047,21 Apr 2025 19:00,LKOH,19
48.75343322753906,15 Apr 2025 06:00,MGNT,6
47.75241470336914,15 Apr 2025 07:00,MGNT,7
47.76209259033203,15 Apr 2025 08:00,MGNT,8
47.53927230834961,15 Apr 2025 09:00,MGNT,9
48.42986297607422,15 Apr 2025 10:00,MGNT,10
47.97966766357422,15 Apr 2025 11:00,MGNT,11
47.77204132080078,15 Apr 2025 12:00,MGNT,12
49.48888397216797,15 Apr 2025 13:00,MGNT,13
49.612518310546875,15 Apr 2025 14:00,MGNT,14
48.992671966552734,15 Apr 2025 15:00,MGNT,15
50.02473449707031,15 Apr 2025 16:00,MGNT,16
49.89582061767578,15 Apr 2025 17:00,MGNT,17
51.51349639892578,15 Apr 2025 18:00,MGNT,18
47.671730041503906,15 Apr 2025 19:00,MGNT,19
47.86457061767578,15 Apr 2025 20:00,MGNT,20
51.0081672668457,15 Apr 2025 21:00,MGNT,21
51.47487258911133,15 Apr 2025 22:00,MGNT,22
56.81144714355469,15 Apr 2025 23:00,MGNT,23
53.00067901611328,16 Apr 2025 06:00,MGNT,6
51.0662841796875,16 Apr 2025 07:00,MGNT,7
51.5692024230957,16 Apr 2025 08:00,MGNT,8
47.39106750488281,16 Apr 2025 09:00,MGNT,9
40.47254180908203,16 Apr 2025 10:00,MGNT,10
46.725799560546875,16 Apr 2025 11:00,MGNT,11
51.00905227661133,16 Apr 2025 12:00,MGNT,12
58.385162353515625,16 Apr 2025 13:00,MGNT,13
56.44407272338867,16 Apr 2025 14:00,MGNT,14
63.304473876953125,16 Apr 2025 15:00,MGNT,15
64.40179443359375,16 Apr 2025 16:00,MGNT,16
67.79566955566406,16 Apr 2025 17:00,MGNT,17
74.06581115722656,16 Apr 2025 18:00,MGNT,18
69.31549835205078,16 Apr 2025 19:00,MGNT,19
71.2201919555664,16 Apr 2025 20:00,MGNT,20
63.40248489379883,16 Apr 2025 21:00,MGNT,21
65.86289978027344,16 Apr 2025 22:00,MGNT,22
64.8848648071289,16 Apr 2025 23:00,MGNT,23
71.61141967773438,17 Apr 2025 06:00,MGNT,6
74.82364654541016,17 Apr 2025 07:00,MGNT,7
71.46231842041016,17 Apr 2025 08:00,MGNT,8
66.57003784179688,17 Apr 2025 09:00,MGNT,9
67.1742172241211,17 Apr 2025 10:00,MGNT,10
59.73044967651367,17 Apr 2025 11:00,MGNT,11
57.119171142578125,17 Apr 2025 12:00,MGNT,12
49.5837287902832,17 Apr 2025 13:00,MGNT,13
44.9030876159668,17 Apr 2025 14:00,MGNT,14
48.817996978759766,17 Apr 2025 15:00,MGNT,15
45.63986587524414,17 Apr 2025 16:00,MGNT,16
45.15290069580078,17 Apr 2025 17:00,MGNT,17
37.37883377075195,17 Apr 2025 18:00,MGNT,18
41.24428176879883,17 Apr 2025 19:00,MGNT,19
37.79179382324219,17 Apr 2025 20:00,MGNT,20
42.70171356201172,17 Apr 2025 21:00,MGNT,21
41.81889724731445,17 Apr 2025 22:00,MGNT,22
44.59434509277344,17 Apr 2025 23:00,MGNT,23
45.68687438964844,18 Apr 2025 06:00,MGNT,6
40.108097076416016,18 Apr 2025 07:00,MGNT,7
36.93206787109375,18 Apr 2025 08:00,MGNT,8
40.39996337890625,18 Apr 2025 09:00,MGNT,9
36.84884262084961,18 Apr 2025 10:00,MGNT,10
37.18642044067383,18 Apr 2025 11:00,MGNT,11
38.88699722290039,18 Apr 2025 12:00,MGNT,12
39.36277389526367,18 Apr 2025 13:00,MGNT,13
37.34239959716797,18 Apr 2025 14:00,MGNT,14
40.423614501953125,18 Apr 2025 15:00,MGNT,15
43.923179626464844,18 Apr 2025 16:00,MGNT,16
41.84115982055664,18 Apr 2025 17:00,MGNT,17
42.751216888427734,18 Apr 2025 18:00,MGNT,18
40.84300231933594,18 Apr 2025 19:00,MGNT,19
40.664955139160156,18 Apr 2025 20:00,MGNT,20
44.222251892089844,18 Apr 2025 21:00,MGNT,21
47.57588195800781,18 Apr 2025 22:00,MGNT,22
42.53935623168945,18 Apr 2025 23:00,MGNT,23
39.99696731567383,21 Apr 2025 06:00,MGNT,6
48.212303161621094,21 Apr 2025 07:00,MGNT,7
46.984291076660156,21 Apr 2025 08:00,MGNT,8
53.66376876831055,21 Apr 2025 09:00,MGNT,9
56.604156494140625,21 Apr 2025 10:00,MGNT,10
45.872032165527344,21 Apr 2025 11:00,MGNT,11
47.04790496826172,21 Apr 2025 12:00,MGNT,12
44.79389572143555,21 Apr 2025 13:00,MGNT,13
46.73089599609375,21 Apr 2025 14:00,MGNT,14
60.29003143310547,21 Apr 2025 15:00,MGNT,15
58.50654602050781,21 Apr 2025 16:00,MGNT,16
50.764991760253906,21 Apr 2025 17:00,MGNT,17
54.68416976928711,21 Apr 2025 18:00,MGNT,18
55.12042236328125,21 Apr 2025 19:00,MGNT,19
50.900325775146484,15 Apr 2025 06:00,MOEX,6
50.84048843383789,15 Apr 2025 07:00,MOEX,7
51.179351806640625,15 Apr 2025 08:00,MOEX,8
50.169742584228516,15 Apr 2025 09:00,MOEX,9
52.486839294433594,15 Apr 2025 10:00,MOEX,10
50.89271545410156,15 Apr 2025 11:00,MOEX,11
50.62567138671875,15 Apr 2025 12:00,MOEX,12
52.588314056396484,15 Apr 2025 13:00,MOEX,13
49.0439338684082,15 Apr 2025 14:00,MOEX,14
47.18084716796875,15 Apr 2025 15:00,MOEX,15
46.16100311279297,15 Apr 2025 16:00,MOEX,16
42.39616394042969,15 Apr 2025 17:00,MOEX,17
36.55094909667969,15 Apr 2025 18:00,MOEX,18
31.635602951049805,15 Apr 2025 19:00,MOEX,19
35.05342483520508,15 Apr 2025 20:00,MOEX,20
40.56087112426758,15 Apr 2025 21:00,MOEX,21
42.389007568359375,15 Apr 2025 22:00,MOEX,22
44.569766998291016,15 Apr 2025 23:00,MOEX,23
38.81452560424805,16 Apr 2025 06:00,MOEX,6
42.81764602661133,16 Apr 2025 07:00,MOEX,7
43.917266845703125,16 Apr 2025 08:00,MOEX,8
42.073062896728516,16 Apr 2025 09:00,MOEX,9
44.694644927978516,16 Apr 2025 10:00,MOEX,10
55.71318817138672,16 Apr 2025 11:00,MOEX,11
58.847984313964844,16 Apr 2025 12:00,MOEX,12
59.5546989440918,16 Apr 2025 13:00,MOEX,13
64.12800598144531,16 Apr 2025 14:00,MOEX,14
69.1629867553711,16 Apr 2025 15:00,MOEX,15
67.67150115966797,16 Apr 2025 16:00,MOEX,16
69.18138885498047,16 Apr 2025 17:00,MOEX,17
70.50293731689453,16 Apr 2025 18:00,MOEX,18
68.73435974121094,16 Apr 2025 19:00,MOEX,19
64.88139343261719,16 Apr 2025 20:00,MOEX,20
58.81192398071289,16 Apr 2025 21:00,MOEX,21
62.18792724609375,16 Apr 2025 22:00,MOEX,22
63.10148239135742,16 Apr 2025 23:00,MOEX,23
64.25572967529297,17 Apr 2025 06:00,MOEX,6
61.132293701171875,17 Apr 2025 07:00,MOEX,7
62.06362533569336,17 Apr 2025 08:00,MOEX,8
59.960655212402344,17 Apr 2025 09:00,MOEX,9
56.907569885253906,17 Apr 2025 10:00,MOEX,10
54.81427764892578,17 Apr 2025 11:00,MOEX,11
58.631134033203125,17 Apr 2025 12:00,MOEX,12
47.54663848876953,17 Apr 2025 13:00,MOEX,13
47.306724548339844,17 Apr 2025 14:00,MOEX,14
50.88311767578125,17 Apr 2025 15:00,MOEX,15
55.751773834228516,17 Apr 2025 16:00,MOEX,16
58.38496780395508,17 Apr 2025 17:00,MOEX,17
47.47507858276367,17 Apr 2025 18:00,MOEX,18
50.59461212158203,17 Apr 2025 19:00,MOEX,19
45.10428237915039,17 Apr 2025 20:00,MOEX,20
53.263126373291016,17 Apr 2025 21:00,MOEX,21
52.81967544555664,17 Apr 2025 22:00,MOEX,22
52.617130279541016,17 Apr 2025 23:00,MOEX,23
52.494144439697266,18 Apr 2025 06:00,MOEX,6
49.674625396728516,18 Apr 2025 07:00,MOEX,7
45.836002349853516,18 Apr 2025 08:00,MOEX,8
50.96659851074219,18 Apr 2025 09:00,MOEX,9
51.12245178222656,18 Apr 2025 10:00,MOEX,10
50.062679290771484,18 Apr 2025 11:00,MOEX,11
39.501468658447266,18 Apr 2025 12:00,MOEX,12
36.00680923461914,18 Apr 2025 13:00,MOEX,13
33.11500930786133,18 Apr 2025 14:00,MOEX,14
32.4366569519043,18 Apr 2025 15:00,MOEX,15
34.05584716796875,18 Apr 2025 16:00,MOEX,16
31.145648956298828,18 Apr 2025 17:00,MOEX,17
29.240121841430664,18 Apr 2025 18:00,MOEX,18
34.039737701416016,18 Apr 2025 19:00,MOEX,19
38.62617492675781,18 Apr 2025 20:00,MOEX,20
34.836299896240234,18 Apr 2025 21:00,MOEX,21
39.17119216918945,18 Apr 2025 22:00,MOEX,22
38.18194580078125,18 Apr 2025 23:00,MOEX,23
37.106468200683594,21 Apr 2025 06:00,MOEX,6
45.051116943359375,21 Apr 2025 07:00,MOEX,7
53.626182556152344,21 Apr 2025 08:00,MOEX,8
59.055633544921875,21 Apr 2025 09:00,MOEX,9
62.69124984741211,21 Apr 2025 10:00,MOEX,10
62.7109260559082,21 Apr 2025 11:00,MOEX,11
66.35591125488281,21 Apr 2025 12:00,MOEX,12
63.72962951660156,21 Apr 2025 13:00,MOEX,13
66.166259765625,21 Apr 2025 14:00,MOEX,14
73.54120635986328,21 Apr 2025 15:00,MOEX,15
64.7808609008789,21 Apr 2025 16:00,MOEX,16
69.68684387207031,21 Apr 2025 17:00,MOEX,17
71.49662017822266,21 Apr 2025 18:00,MOEX,18
71.2833023071289,21 Apr 2025 19:00,MOEX,19
51.41328811645508,15 Apr 2025 06:00,MTSS,6
52.25632858276367,15 Apr 2025 07:00,MTSS,7
52.19072723388672,15 Apr 2025 08:00,MTSS,8
51.686744689941406,15 Apr 2025 09:00,MTSS,9
50.90776443481445,15 Apr 2025 10:00,MTSS,10
51.323795318603516,15 Apr 2025 11:00,MTSS,11
49.8017578125,15 Apr 2025 12:00,MTSS,12
45.20634841918945,15 Apr 2025 13:00,MTSS,13
42.912837982177734,15 Apr 2025 14:00,MTSS,14
43.18378448486328,15 Apr 2025 15:00,MTSS,15
42.502044677734375,15 Apr 2025 16:00,MTSS,16
40.65372848510742,15 Apr 2025 17:00,MTSS,17
41.638248443603516,15 Apr 2025 18:00,MTSS,18
37.27953338623047,15 Apr 2025 19:00,MTSS,19
42.14665603637695,15 Apr 2025 20:00,MTSS,20
44.24433135986328,15 Apr 2025 21:00,MTSS,21
48.689117431640625,15 Apr 2025 22:00,MTSS,22
54.32088851928711,15 Apr 2025 23:00,MTSS,23
53.59543228149414,16 Apr 2025 06:00,MTSS,6
55.80029296875,16 Apr 2025 07:00,MTSS,7
64.55928802490234,16 Apr 2025 08:00,MTSS,8
56.635986328125,16 Apr 2025 09:00,MTSS,9
50.979644775390625,16 Apr 2025 10:00,MTSS,10
52.93782424926758,16 Apr 2025 11:00,MTSS,11
51.601463317871094,16 Apr 2025 12:00,MTSS,12
55.5482177734375,16 Apr 2025 13:00,MTSS,13
55.63235855102539,16 Apr 2025 14:00,MTSS,14
60.331687927246094,16 Apr 2025 15:00,MTSS,15
60.60367965698242,16 Apr 2025 16:00,MTSS,16
60.2078971862793,16 Apr 2025 17:00,MTSS,17
61.91481399536133,16 Apr 2025 18:00,MTSS,18
61.551055908203125,16 Apr 2025 19:00,MTSS,19
61.45353698730469,16 Apr 2025 20:00,MTSS,20
55.67214584350586,16 Apr 2025 21:00,MTSS,21
55.76033401489258,16 Apr 2025 22:00,MTSS,22
58.72690200805664,16 Apr 2025 23:00,MTSS,23
62.64287567138672,17 Apr 2025 06:00,MTSS,6
56.72544860839844,17 Apr 2025 07:00,MTSS,7
57.19145584106445,17 Apr 2025 08:00,MTSS,8
53.91154479980469,17 Apr 2025 09:00,MTSS,9
42.74991989135742,17 Apr 2025 10:00,MTSS,10
37.99412536621094,17 Apr 2025 11:00,MTSS,11
42.25046920776367,17 Apr 2025 12:00,MTSS,12
39.88314437866211,17 Apr 2025 13:00,MTSS,13
37.4243049621582,17 Apr 2025 14:00,MTSS,14
42.45650863647461,17 Apr 2025 15:00,MTSS,15
44.108680725097656,17 Apr 2025 16:00,MTSS,16
48.87843322753906,17 Apr 2025 17:00,MTSS,17
41.29023361206055,17 Apr 2025 18:00,MTSS,18
47.71769714355469,17 Apr 2025 19:00,MTSS,19
44.727012634277344,17 Apr 2025 20:00,MTSS,20
53.24790573120117,17 Apr 2025 21:00,MTSS,21
50.0100212097168,17 Apr 2025 22:00,MTSS,22
51.56424331665039,17 Apr 2025 23:00,MTSS,23
58.85906982421875,18 Apr 2025 06:00,MTSS,6
48.90823745727539,18 Apr 2025 07:00,MTSS,7
48.5567626953125,18 Apr 2025 08:00,MTSS,8
51.19927215576172,18 Apr 2025 09:00,MTSS,9
55.60462951660156,18 Apr 2025 10:00,MTSS,10
51.53715515136719,18 Apr 2025 11:00,MTSS,11
40.30885696411133,18 Apr 2025 12:00,MTSS,12
35.91969680786133,18 Apr 2025 13:00,MTSS,13
38.878047943115234,18 Apr 2025 14:00,MTSS,14
39.110679626464844,18 Apr 2025 15:00,MTSS,15
40.021507263183594,18 Apr 2025 16:00,MTSS,16
40.964996337890625,18 Apr 2025 17:00,MTSS,17
41.730262756347656,18 Apr 2025 18:00,MTSS,18
42.591896057128906,18 Apr 2025 19:00,MTSS,19
46.37517547607422,18 Apr 2025 20:00,MTSS,20
46.90122604370117,18 Apr 2025 21:00,MTSS,21
46.56571960449219,18 Apr 2025 22:00,MTSS,22
45.80610275268555,18 Apr 2025 23:00,MTSS,23
44.09123992919922,21 Apr 2025 06:00,MTSS,6
55.83221435546875,21 Apr 2025 07:00,MTSS,7
56.909427642822266,21 Apr 2025 08:00,MTSS,8
65.90477752685547,21 Apr 2025 09:00,MTSS,9
58.2299690246582,21 Apr 2025 10:00,MTSS,10
55.57405090332031,21 Apr 2025 11:00,MTSS,11
58.938011169433594,21 Apr 2025 12:00,MTSS,12
54.68996047973633,21 Apr 2025 13:00,MTSS,13
56.72373962402344,21 Apr 2025 14:00,MTSS,14
60.843536376953125,21 Apr 2025 15:00,MTSS,15
58.266231536865234,21 Apr 2025 16:00,MTSS,16
53.74601745605469,21 Apr 2025 17:00,MTSS,17
54.20212936401367,21 Apr 2025 18:00,MTSS,18
55.50563430786133,21 Apr 2025 19:00,MTSS,19
50.90898513793945,15 Apr 2025 06:00,NVTK,6
51.058311462402344,15 Apr 2025 07:00,NVTK,7
50.145225524902344,15 Apr 2025 08:00,NVTK,8
48.97060012817383,15 Apr 2025 09:00,NVTK,9
51.70414733886719,15 Apr 2025 10:00,NVTK,10
51.31924819946289,15 Apr 2025 11:00,NVTK,11
49.30029296875,15 Apr 2025 12:00,NVTK,12
48.914283752441406,15 Apr 2025 13:00,NVTK,13
50.256065368652344,15 Apr 2025 14:00,NVTK,14
51.92306137084961,15 Apr 2025 15:00,NVTK,15
51.38933181762695,15 Apr 2025 16:00,NVTK,16
55.28727722167969,15 Apr 2025 17:00,NVTK,17
73.20999908447266,15 Apr 2025 18:00,NVTK,18
62.644046783447266,15 Apr 2025 19:00,NVTK,19
60.743896484375,15 Apr 2025 20:00,NVTK,20
61.38572311401367,15 Apr 2025 21:00,NVTK,21
68.29509735107422,15 Apr 2025 22:00,NVTK,22
79.25012969970703,15 Apr 2025 23:00,NVTK,23
76.25312805175781,16 Apr 2025 06:00,NVTK,6
69.48958587646484,16 Apr 2025 07:00,NVTK,7
73.23890686035156,16 Apr 2025 08:00,NVTK,8
64.99063873291016,16 Apr 2025 09:00,NVTK,9
58.209320068359375,16 Apr 2025 10:00,NVTK,10
58.97211456298828,16 Apr 2025 11:00,NVTK,11
66.84748077392578,16 Apr 2025 12:00,NVTK,12
71.20088195800781,16 Apr 2025 13:00,NVTK,13
70.97277069091797,16 Apr 2025 14:00,NVTK,14
71.81742095947266,16 Apr 2025 15:00,NVTK,15
68.90778350830078,16 Apr 2025 16:00,NVTK,16
72.99944305419922,16 Apr 2025 17:00,NVTK,17
70.13312530517578,16 Apr 2025 18:00,NVTK,18
60.24225997924805,16 Apr 2025 19:00,NVTK,19
64.779052734375,16 Apr 2025 20:00,NVTK,20
61.581581115722656,16 Apr 2025 21:00,NVTK,21
57.833526611328125,16 Apr 2025 22:00,NVTK,22
65.01312255859375,16 Apr 2025 23:00,NVTK,23
66.66150665283203,17 Apr 2025 06:00,NVTK,6
62.05126953125,17 Apr 2025 07:00,NVTK,7
66.07159423828125,17 Apr 2025 08:00,NVTK,8
64.92735290527344,17 Apr 2025 09:00,NVTK,9
63.44825744628906,17 Apr 2025 10:00,NVTK,10
62.52355194091797,17 Apr 2025 11:00,NVTK,11
60.38742446899414,17 Apr 2025 12:00,NVTK,12
50.52070236206055,17 Apr 2025 13:00,NVTK,13
52.80377197265625,17 Apr 2025 14:00,NVTK,14
61.99585723876953,17 Apr 2025 15:00,NVTK,15
57.453468322753906,17 Apr 2025 16:00,NVTK,16
53.82300567626953,17 Apr 2025 17:00,NVTK,17
40.77771759033203,17 Apr 2025 18:00,NVTK,18
51.72378158569336,17 Apr 2025 19:00,NVTK,19
48.40933609008789,17 Apr 2025 20:00,NVTK,20
54.5705451965332,17 Apr 2025 21:00,NVTK,21
58.89212417602539,17 Apr 2025 22:00,NVTK,22
53.91240692138672,17 Apr 2025 23:00,NVTK,23
52.7972526550293,18 Apr 2025 06:00,NVTK,6
48.539039611816406,18 Apr 2025 07:00,NVTK,7
47.83344268798828,18 Apr 2025 08:00,NVTK,8
48.75790023803711,18 Apr 2025 09:00,NVTK,9
49.50443649291992,18 Apr 2025 10:00,NVTK,10
49.54352569580078,18 Apr 2025 11:00,NVTK,11
46.597412109375,18 Apr 2025 12:00,NVTK,12
40.94406509399414,18 Apr 2025 13:00,NVTK,13
43.18428039550781,18 Apr 2025 14:00,NVTK,14
41.68075942993164,18 Apr 2025 15:00,NVTK,15
33.769344329833984,18 Apr 2025 16:00,NVTK,16
39.68885040283203,18 Apr 2025 17:00,NVTK,17
40.846134185791016,18 Apr 2025 18:00,NVTK,18
40.418243408203125,18 Apr 2025 19:00,NVTK,19
45.94045639038086,18 Apr 2025 20:00,NVTK,20
45.56279373168945,18 Apr 2025 21:00,NVTK,21
48.08318328857422,18 Apr 2025 22:00,NVTK,22
45.39080047607422,18 Apr 2025 23:00,NVTK,23
45.00542449951172,21 Apr 2025 06:00,NVTK,6
51.37499237060547,21 Apr 2025 07:00,NVTK,7
54.4132080078125,21 Apr 2025 08:00,NVTK,8
63.15459060668945,21 Apr 2025 09:00,NVTK,9
64.89974212646484,21 Apr 2025 10:00,NVTK,10
65.14859008789062,21 Apr 2025 11:00,NVTK,11
78.62866973876953,21 Apr 2025 12:00,NVTK,12
75.85104370117188,21 Apr 2025 13:00,NVTK,13
77.58585357666016,21 Apr 2025 14:00,NVTK,14
82.431640625,21 Apr 2025 15:00,NVTK,15
72.28469848632812,21 Apr 2025 16:00,NVTK,16
71.94242858886719,21 Apr 2025 17:00,NVTK,17
77.14933776855469,21 Apr 2025 18:00,NVTK,18
75.2459716796875,21 Apr 2025 19:00,NVTK,19
46.569610595703125,15 Apr 2025 06:00,SBER,6
45.884830474853516,15 Apr 2025 07:00,SBER,7
46.36262130737305,15 Apr 2025 08:00,SBER,8
45.69369888305664,15 Apr 2025 09:00,SBER,9
48.00518035888672,15 Apr 2025 10:00,SBER,10
48.67510986328125,15 Apr 2025 11:00,SBER,11
50.41389846801758,15 Apr 2025 12:00,SBER,12
49.35258483886719,15 Apr 2025 13:00,SBER,13
48.96323776245117,15 Apr 2025 14:00,SBER,14
48.296897888183594,15 Apr 2025 15:00,SBER,15
48.820987701416016,15 Apr 2025 16:00,SBER,16
48.90443801879883,15 Apr 2025 17:00,SBER,17
51.51641082763672,15 Apr 2025 18:00,SBER,18
47.681392669677734,15 Apr 2025 19:00,SBER,19
46.20403289794922,15 Apr 2025 20:00,SBER,20
47.908607482910156,15 Apr 2025 21:00,SBER,21
47.101016998291016,15 Apr 2025 22:00,SBER,22
52.57780075073242,15 Apr 2025 23:00,SBER,23
38.89833450317383,16 Apr 2025 06:00,SBER,6
35.919456481933594,16 Apr 2025 07:00,SBER,7
37.53423309326172,16 Apr 2025 08:00,SBER,8
36.5142936706543,16 Apr 2025 09:00,SBER,9
30.935720443725586,16 Apr 2025 10:00,SBER,10
40.581275939941406,16 Apr 2025 11:00,SBER,11
45.958534240722656,16 Apr 2025 12:00,SBER,12
49.47715759277344,16 Apr 2025 13:00,SBER,13
51.74380874633789,16 Apr 2025 14:00,SBER,14
61.0445671081543,16 Apr 2025 15:00,SBER,15
57.502159118652344,16 Apr 2025 16:00,SBER,16
71.7496109008789,16 Apr 2025 17:00,SBER,17
77.56420135498047,16 Apr 2025 18:00,SBER,18
78.0001220703125,16 Apr 2025 19:00,SBER,19
70.7305679321289,16 Apr 2025 20:00,SBER,20
61.296775817871094,16 Apr 2025 21:00,SBER,21
61.66334915161133,16 Apr 2025 22:00,SBER,22
60.54703140258789,16 Apr 2025 23:00,SBER,23
67.51980590820312,17 Apr 2025 06:00,SBER,6
65.49200439453125,17 Apr 2025 07:00,SBER,7
70.4581069946289,17 Apr 2025 08:00,SBER,8
64.60078430175781,17 Apr 2025 09:00,SBER,9
62.146644592285156,17 Apr 2025 10:00,SBER,10
60.90919494628906,17 Apr 2025 11:00,SBER,11
63.06227111816406,17 Apr 2025 12:00,SBER,12
49.09158706665039,17 Apr 2025 13:00,SBER,13
41.79140090942383,17 Apr 2025 14:00,SBER,14
56.413421630859375,17 Apr 2025 15:00,SBER,15
64.06452941894531,17 Apr 2025 16:00,SBER,16
69.23793029785156,17 Apr 2025 17:00,SBER,17
49.490055084228516,17 Apr 2025 18:00,SBER,18
49.02772903442383,17 Apr 2025 19:00,SBER,19
46.227272033691406,17 Apr 2025 20:00,SBER,20
63.45845413208008,17 Apr 2025 21:00,SBER,21
67.71896362304688,17 Apr 2025 22:00,SBER,22
62.375221252441406,17 Apr 2025 23:00,SBER,23
64.71154022216797,18 Apr 2025 06:00,SBER,6
49.41302490234375,18 Apr 2025 07:00,SBER,7
45.17106628417969,18 Apr 2025 08:00,SBER,8
48.02417755126953,18 Apr 2025 09:00,SBER,9
52.36408996582031,18 Apr 2025 10:00,SBER,10
50.22172546386719,18 Apr 2025 11:00,SBER,11
37.0687255859375,18 Apr 2025 12:00,SBER,12
26.80162811279297,18 Apr 2025 13:00,SBER,13
29.24696922302246,18 Apr 2025 14:00,SBER,14
29.38313865661621,18 Apr 2025 15:00,SBER,15
25.663734436035156,18 Apr 2025 16:00,SBER,16
35.68415451049805,18 Apr 2025 17:00,SBER,17
30.955835342407227,18 Apr 2025 18:00,SBER,18
36.67786407470703,18 Apr 2025 19:00,SBER,19
42.891178131103516,18 Apr 2025 20:00,SBER,20
37.768611907958984,18 Apr 2025 21:00,SBER,21
40.57469177246094,18 Apr 2025 22:00,SBER,22
42.132354736328125,18 Apr 2025 23:00,SBER,23
38.830318450927734,21 Apr 2025 06:00,SBER,6
56.02463912963867,21 Apr 2025 07:00,SBER,7
56.97779083251953,21 Apr 2025 08:00,SBER,8
65.61925506591797,21 Apr 2025 09:00,SBER,9
69.79651641845703,21 Apr 2025 10:00,SBER,10
71.81706237792969,21 Apr 2025 11:00,SBER,11
81.57926177978516,21 Apr 2025 12:00,SBER,12
80.94935607910156,21 Apr 2025 13:00,SBER,13
81.40840911865234,21 Apr 2025 14:00,SBER,14
83.22993469238281,21 Apr 2025 15:00,SBER,15
78.8558349609375,21 Apr 2025 16:00,SBER,16
81.5472412109375,21 Apr 2025 17:00,SBER,17
84.38700866699219,21 Apr 2025 18:00,SBER,18
83.46788024902344,21 Apr 2025 19:00,SBER,19
48.61146926879883,15 Apr 2025 06:00,TATN,6
48.1512336730957,15 Apr 2025 07:00,TATN,7
48.19508361816406,15 Apr 2025 08:00,TATN,8
47.94942092895508,15 Apr 2025 09:00,TATN,9
48.302207946777344,15 Apr 2025 10:00,TATN,10
48.44810485839844,15 Apr 2025 11:00,TATN,11
46.82814025878906,15 Apr 2025 12:00,TATN,12
48.86003494262695,15 Apr 2025 13:00,TATN,13
47.96934509277344,15 Apr 2025 14:00,TATN,14
46.893333435058594,15 Apr 2025 15:00,TATN,15
47.16360092163086,15 Apr 2025 16:00,TATN,16
48.40432357788086,15 Apr 2025 17:00,TATN,17
44.871646881103516,15 Apr 2025 18:00,TATN,18
44.75054168701172,15 Apr 2025 19:00,TATN,19
45.638343811035156,15 Apr 2025 20:00,TATN,20
51.825584411621094,15 Apr 2025 21:00,TATN,21
55.41429901123047,15 Apr 2025 22:00,TATN,22
56.9848747253418,15 Apr 2025 23:00,TATN,23
51.79243850708008,16 Apr 2025 06:00,TATN,6
55.88899230957031,16 Apr 2025 07:00,TATN,7
63.18135070800781,16 Apr 2025 08:00,TATN,8
55.711551666259766,16 Apr 2025 09:00,TATN,9
47.806949615478516,16 Apr 2025 10:00,TATN,10
50.83952331542969,16 Apr 2025 11:00,TATN,11
52.776798248291016,16 Apr 2025 12:00,TATN,12
52.02300262451172,16 Apr 2025 13:00,TATN,13
52.166709899902344,16 Apr 2025 14:00,TATN,14
51.77007293701172,16 Apr 2025 15:00,TATN,15
48.97031784057617,16 Apr 2025 16:00,TATN,16
53.439754486083984,16 Apr 2025 17:00,TATN,17
61.190513610839844,16 Apr 2025 18:00,TATN,18
61.04766845703125,16 Apr 2025 19:00,TATN,19
63.476749420166016,16 Apr 2025 20:00,TATN,20
58.9227294921875,16 Apr 2025 21:00,TATN,21
60.85874938964844,16 Apr 2025 22:00,TATN,22
62.305049896240234,16 Apr 2025 23:00,TATN,23
60.79300308227539,17 Apr 2025 06:00,TATN,6
58.912174224853516,17 Apr 2025 07:00,TATN,7
58.99895095825195,17 Apr 2025 08:00,TATN,8
60.65583801269531,17 Apr 2025 09:00,TATN,9
58.79090881347656,17 Apr 2025 10:00,TATN,10
59.082271575927734,17 Apr 2025 11:00,TATN,11
58.649784088134766,17 Apr 2025 12:00,TATN,12
46.66584396362305,17 Apr 2025 13:00,TATN,13
42.34029006958008,17 Apr 2025 14:00,TATN,14
46.904937744140625,17 Apr 2025 15:00,TATN,15
43.19540023803711,17 Apr 2025 16:00,TATN,16
42.427371978759766,17 Apr 2025 17:00,TATN,17
32.901214599609375,17 Apr 2025 18:00,TATN,18
48.36228561401367,17 Apr 2025 19:00,TATN,19
50.69055938720703,17 Apr 2025 20:00,TATN,20
56.45185089111328,17 Apr 2025 21:00,TATN,21
56.35478973388672,17 Apr 2025 22:00,TATN,22
52.404911041259766,17 Apr 2025 23:00,TATN,23
57.291996002197266,18 Apr 2025 06:00,TATN,6
52.210906982421875,18 Apr 2025 07:00,TATN,7
51.55599594116211,18 Apr 2025 08:00,TATN,8
55.8179817199707,18 Apr 2025 09:00,TATN,9
58.558448791503906,18 Apr 2025 10:00,TATN,10
56.239620208740234,18 Apr 2025 11:00,TATN,11
54.29515075683594,18 Apr 2025 12:00,TATN,12
49.94232940673828,18 Apr 2025 13:00,TATN,13
48.60192108154297,18 Apr 2025 14:00,TATN,14
47.29415512084961,18 Apr 2025 15:00,TATN,15
43.682159423828125,18 Apr 2025 16:00,TATN,16
52.62617111206055,18 Apr 2025 17:00,TATN,17
54.064884185791016,18 Apr 2025 18:00,TATN,18
54.44759750366211,18 Apr 2025 19:00,TATN,19
58.18282699584961,18 Apr 2025 20:00,TATN,20
55.04664611816406,18 Apr 2025 21:00,TATN,21
58.48088073730469,18 Apr 2025 22:00,TATN,22
57.08284378051758,18 Apr 2025 23:00,TATN,23
56.16080093383789,21 Apr 2025 06:00,TATN,6
58.769508361816406,21 Apr 2025 07:00,TATN,7
63.01462936401367,21 Apr 2025 08:00,TATN,8
65.13761138916016,21 Apr 2025 09:00,TATN,9
61.71309280395508,21 Apr 2025 10:00,TATN,10
58.720428466796875,21 Apr 2025 11:00,TATN,11
62.60224151611328,21 Apr 2025 12:00,TATN,12
55.2001838684082,21 Apr 2025 13:00,TATN,13
61.024417877197266,21 Apr 2025 14:00,TATN,14
67.06959533691406,21 Apr 2025 15:00,TATN,15
61.88135528564453,21 Apr 2025 16:00,TATN,16
64.82311248779297,21 Apr 2025 17:00,TATN,17
67.993896484375,21 Apr 2025 18:00,TATN,18
64.42132568359375,21 Apr 2025 19:00,TATN,19
47.91852951049805,15 Apr 2025 06:00,VTBR,6
47.163536071777344,15 Apr 2025 07:00,VTBR,7
49.0191650390625,15 Apr 2025 08:00,VTBR,8
49.13703536987305,15 Apr 2025 09:00,VTBR,9
54.992069244384766,15 Apr 2025 10:00,VTBR,10
53.01804733276367,15 Apr 2025 11:00,VTBR,11
45.650691986083984,15 Apr 2025 12:00,VTBR,12
41.464691162109375,15 Apr 2025 13:00,VTBR,13
45.74182891845703,15 Apr 2025 14:00,VTBR,14
51.46535873413086,15 Apr 2025 15:00,VTBR,15
48.50998306274414,15 Apr 2025 16:00,VTBR,16
44.99026870727539,15 Apr 2025 17:00,VTBR,17
60.492401123046875,15 Apr 2025 18:00,VTBR,18
48.22539138793945,15 Apr 2025 19:00,VTBR,19
52.76545715332031,15 Apr 2025 20:00,VTBR,20
52.45634841918945,15 Apr 2025 21:00,VTBR,21
60.04642105102539,15 Apr 2025 22:00,VTBR,22
68.38623809814453,15 Apr 2025 23:00,VTBR,23
56.621795654296875,16 Apr 2025 06:00,VTBR,6
50.741310119628906,16 Apr 2025 07:00,VTBR,7
57.33682632446289,16 Apr 2025 08:00,VTBR,8
51.78792190551758,16 Apr 2025 09:00,VTBR,9
51.9044303894043,16 Apr 2025 10:00,VTBR,10
62.370059967041016,16 Apr 2025 11:00,VTBR,11
58.864356994628906,16 Apr 2025 12:00,VTBR,12
60.30281448364258,16 Apr 2025 13:00,VTBR,13
60.96986389160156,16 Apr 2025 14:00,VTBR,14
67.48268127441406,16 Apr 2025 15:00,VTBR,15
70.72095489501953,16 Apr 2025 16:00,VTBR,16
77.819580078125,16 Apr 2025 17:00,VTBR,17
75.15784454345703,16 Apr 2025 18:00,VTBR,18
70.05719757080078,16 Apr 2025 19:00,VTBR,19
70.7812271118164,16 Apr 2025 20:00,VTBR,20
64.77599334716797,16 Apr 2025 21:00,VTBR,21
63.095272064208984,16 Apr 2025 22:00,VTBR,22
65.18771362304688,16 Apr 2025 23:00,VTBR,23
67.61502838134766,17 Apr 2025 06:00,VTBR,6
64.59284973144531,17 Apr 2025 07:00,VTBR,7
69.0845718383789,17 Apr 2025 08:00,VTBR,8
61.78389358520508,17 Apr 2025 09:00,VTBR,9
63.78388977050781,17 Apr 2025 10:00,VTBR,10
63.667293548583984,17 Apr 2025 11:00,VTBR,11
58.746421813964844,17 Apr 2025 12:00,VTBR,12
48.32297134399414,17 Apr 2025 13:00,VTBR,13
54.30844497680664,17 Apr 2025 14:00,VTBR,14
63.04338836669922,17 Apr 2025 15:00,VTBR,15
70.4266128540039,17 Apr 2025 16:00,VTBR,16
76.66757202148438,17 Apr 2025 17:00,VTBR,17
68.45765686035156,17 Apr 2025 18:00,VTBR,18
65.012939453125,17 Apr 2025 19:00,VTBR,19
57.536659240722656,17 Apr 2025 20:00,VTBR,20
71.2688217163086,17 Apr 2025 21:00,VTBR,21
73.17959594726562,17 Apr 2025 22:00,VTBR,22
69.55342102050781,17 Apr 2025 23:00,VTBR,23
73.11888122558594,18 Apr 2025 06:00,VTBR,6
59.22259521484375,18 Apr 2025 07:00,VTBR,7
65.50369262695312,18 Apr 2025 08:00,VTBR,8
60.07933044433594,18 Apr 2025 09:00,VTBR,9
61.74732208251953,18 Apr 2025 10:00,VTBR,10
60.86392593383789,18 Apr 2025 11:00,VTBR,11
52.84090805053711,18 Apr 2025 12:00,VTBR,12
51.32325744628906,18 Apr 2025 13:00,VTBR,13
55.361881256103516,18 Apr 2025 14:00,VTBR,14
53.471946716308594,18 Apr 2025 15:00,VTBR,15
50.53138732910156,18 Apr 2025 16:00,VTBR,16
70.27957153320312,18 Apr 2025 17:00,VTBR,17
56.724403381347656,18 Apr 2025 18:00,VTBR,18
54.91417694091797,18 Apr 2025 19:00,VTBR,19
63.199310302734375,18 Apr 2025 20:00,VTBR,20
63.267086029052734,18 Apr 2025 21:00,VTBR,21
64.99407958984375,18 Apr 2025 22:00,VTBR,22
63.67203140258789,18 Apr 2025 23:00,VTBR,23
66.59867095947266,21 Apr 2025 06:00,VTBR,6
66.54230499267578,21 Apr 2025 07:00,VTBR,7
76.75079345703125,21 Apr 2025 08:00,VTBR,8
80.65679931640625,21 Apr 2025 09:00,VTBR,9
84.2613754272461,21 Apr 2025 10:00,VTBR,10
82.33920288085938,21 Apr 2025 11:00,VTBR,11
83.31497192382812,21 Apr 2025 12:00,VTBR,12
76.4658432006836,21 Apr 2025 13:00,VTBR,13
74.2944564819336,21 Apr 2025 14:00,VTBR,14
74.9798812866211,21 Apr 2025 15:00,VTBR,15
66.88457489013672,21 Apr 2025 16:00,VTBR,16
67.5671615600586,21 Apr 2025 17:00,VTBR,17
72.59623718261719,21 Apr 2025 18:00,VTBR,18
69.44194030761719,21 Apr 2025 19:00,VTBR,19
